{"cameraMode":{"drawMode":0,"name":"Shaded","section":"Shading Mode"},"sceneLighting":true,"audioPlay":false,"sceneViewState":{"showFog":true,"showMaterialUpdate":true,"showSkybox":true,"showFlares":true,"showImageEffects":true,"showParticleSystems":true,"showVisualEffectGraphs":true},"in2DMode":false,"pivot":{"x":1.7072521448135377,"y":-10.231512069702149,"z":0.13104747235774995},"rotation":{"x":-0.07944382727146149,"y":0.8008219003677368,"z":-0.10902368277311325,"w":-0.5835206508636475},"size":12.374090194702149,"orthographic":false}