{"cameraMode":{"drawMode":0,"name":"Shaded","section":"Shading Mode"},"sceneLighting":true,"audioPlay":false,"sceneViewState":{"showFog":true,"showMaterialUpdate":true,"showSkybox":true,"showFlares":true,"showImageEffects":true,"showParticleSystems":true,"showVisualEffectGraphs":true},"in2DMode":false,"pivot":{"x":1.4764251708984376,"y":-9.890636444091797,"z":0.5970344543457031},"rotation":{"x":-0.09204855561256409,"y":0.9079520106315613,"z":-0.28865090012550356,"w":-0.2895400822162628},"size":99.25749969482422,"orthographic":false}