{"cameraMode":{"drawMode":0,"name":"Shaded","section":"Shading Mode"},"sceneLighting":true,"audioPlay":false,"sceneViewState":{"showFog":true,"showMaterialUpdate":true,"showSkybox":true,"showFlares":true,"showImageEffects":true,"showParticleSystems":true,"showVisualEffectGraphs":true},"in2DMode":false,"pivot":{"x":2.265803813934326,"y":-9.486223220825196,"z":-2.3172991275787355},"rotation":{"x":-0.44858184456825259,"y":0.39040204882621767,"z":-0.22707556188106538,"w":-0.7712380290031433},"size":9.512687683105469,"orthographic":false}